<?xml version="1.0" encoding="ISO-8859-1"?>
<gmi:MI_Metadata xmlns:gmi="http://www.isotc211.org/2005/gmi">
   <gmd:fileIdentifier xmlns:gmd="http://www.isotc211.org/2005/gmd">
      <gco:CharacterString xmlns:gco="http://www.isotc211.org/2005/gco">tl_2014_us_cbsa.shp.xml</gco:CharacterString>
   </gmd:fileIdentifier>
   <gmd:language xmlns:gmd="http://www.isotc211.org/2005/gmd">
      <gco:CharacterString xmlns:gco="http://www.isotc211.org/2005/gco">eng</gco:CharacterString>
   </gmd:language>
   <gmd:characterSet xmlns:gmd="http://www.isotc211.org/2005/gmd">
      <gmd:MD_CharacterSetCode codeList="http://www.isotc211.org/2005/resources/Codelist/gmxCodelists.xml#MD_CharacterSetCode"
                               codeListValue="8859part1"
                               codeSpace="006">8859part1</gmd:MD_CharacterSetCode>
   </gmd:characterSet>
   <!-- This part represents a link to the Series Collection File --><gmd:parentIdentifier xmlns:gmd="http://www.isotc211.org/2005/gmd">
      <gco:CharacterString xmlns:gco="http://www.isotc211.org/2005/gco">TIGER/Line Shapefile,  2014, Series Information for the   Current Metropolitan Statistical Area/Micropolitan Statistical Area (CBSA) National</gco:CharacterString>
   </gmd:parentIdentifier>
   <gmd:hierarchyLevel xmlns:gmd="http://www.isotc211.org/2005/gmd">
      <gmd:MD_ScopeCode codeList="http://www.isotc211.org/2005/resources/Codelist/gmxCodelists.xml#MD_ScopeCode"
                        codeListValue="dataset">
dataset
</gmd:MD_ScopeCode>
   </gmd:hierarchyLevel>
   <gmd:contact xmlns:gmd="http://www.isotc211.org/2005/gmd"
                xmlns:xlink="http://www.w3.org/1999/xlink"
                xlink:href="https://www.ngdc.noaa.gov/docucomp/c5ceb003-1ed6-4126-8a16-bc08ce8fc267"
                xlink:title="U.S. Department of Commerce, U.S. Census Bureau, Geography Division, Geographic Products Branch"/>
   <gmd:dateStamp xmlns:gmd="http://www.isotc211.org/2005/gmd">
      <gco:Date xmlns:gco="http://www.isotc211.org/2005/gco">2014-06-01</gco:Date>
   </gmd:dateStamp>
   <gmd:metadataStandardName xmlns:gmd="http://www.isotc211.org/2005/gmd">
      <gco:CharacterString xmlns:gco="http://www.isotc211.org/2005/gco">ISO 19115 Geographic Information - Metadata </gco:CharacterString>
   </gmd:metadataStandardName>
   <gmd:metadataStandardVersion xmlns:gmd="http://www.isotc211.org/2005/gmd">
      <gco:CharacterString xmlns:gco="http://www.isotc211.org/2005/gco">2009-02-15 </gco:CharacterString>
   </gmd:metadataStandardVersion>
   <gmd:dataSetURI xmlns:gmd="http://www.isotc211.org/2005/gmd">
      <gco:CharacterString xmlns:gco="http://www.isotc211.org/2005/gco">http://www2.census.gov/geo/tiger/TIGER2014/CBSA/tl_2014_us_cbsa.zip</gco:CharacterString>
   </gmd:dataSetURI>
   <!-- This is the ptvctinf/sdtsterm/sdtstype from section 3 of the FGDC
                        Standard (Spatial Data Organization) -->
                <gmd:spatialRepresentationInfo xmlns:gmd="http://www.isotc211.org/2005/gmd">
      <gmd:MD_VectorSpatialRepresentation>
         <gmd:geometricObjects>
            <gmd:MD_GeometricObjects>
               <gmd:geometricObjectType>
                  <gmd:MD_GeometricObjectTypeCode codeList="http://www.isotc211.org/2005/resources/Codelist/gmxCodelists.xml#MD_GeometricObjectTypeCode"
                                                  codeListValue="complex"
                                                  codeSpace="001">
                                                complex </gmd:MD_GeometricObjectTypeCode>
               </gmd:geometricObjectType>
               <gmd:geometricObjectCount>
                  <gco:Integer xmlns:gco="http://www.isotc211.org/2005/gco">929</gco:Integer>
               </gmd:geometricObjectCount>
            </gmd:MD_GeometricObjects>
         </gmd:geometricObjects>
      </gmd:MD_VectorSpatialRepresentation>
   </gmd:spatialRepresentationInfo>
   <!--This is the indirect spatial reference of section 3 and the Projection
               Information from Section 4 of the FGDC Standard-->
         
      <gmd:referenceSystemInfo xmlns:gmd="http://www.isotc211.org/2005/gmd">
      <gmd:MD_ReferenceSystem>
         <gmd:referenceSystemIdentifier>
            <gmd:RS_Identifier>
               <gmd:code xmlns:gco="http://www.isotc211.org/2005/gco" gco:nilReason="unknown"/>
               <gmd:codeSpace>
                  <gco:CharacterString xmlns:gco="http://www.isotc211.org/2005/gco">Federal Information Processing Series (FIPS), Geographic Names Information System (GNIS), and feature names.</gco:CharacterString>
               </gmd:codeSpace>
            </gmd:RS_Identifier>
         </gmd:referenceSystemIdentifier>
      </gmd:MD_ReferenceSystem>
   </gmd:referenceSystemInfo>
   <!-- This part represents Section 1 of the FGDC Metadata Standard -->
<gmd:identificationInfo xmlns:gmd="http://www.isotc211.org/2005/gmd">
      <gmd:MD_DataIdentification>
         <gmd:citation>
            <gmd:CI_Citation>
               <gmd:title>
                  <gco:CharacterString xmlns:gco="http://www.isotc211.org/2005/gco">TIGER/Line Shapefile, 2014,  nation, U.S., Current Metropolitan Statistical Area/Micropolitan Statistical Area (CBSA) National</gco:CharacterString>
               </gmd:title>
               <gmd:date>
                  <gmd:CI_Date>
<!-- This is the publication date -->
<gmd:date>
                        <gco:Date xmlns:gco="http://www.isotc211.org/2005/gco">2014</gco:Date>
                     </gmd:date>
                     <gmd:dateType>
                        <gmd:CI_DateTypeCode codeList="http://www.isotc211.org/2005/resources/Codelist/gmxCodelists.xml#CI_DateTypeCode"
                                             codeListValue="publication"
                                             codeSpace="002"> publication </gmd:CI_DateTypeCode>
                     </gmd:dateType>
                  </gmd:CI_Date>
               </gmd:date>
               <gmd:edition>
                  <gco:CharacterString xmlns:gco="http://www.isotc211.org/2005/gco">2014</gco:CharacterString>
               </gmd:edition>
               <gmd:citedResponsibleParty xmlns:xlink="http://www.w3.org/1999/xlink"
                                          xlink:href="https://www.ngdc.noaa.gov/docucomp/cf2b3bf2-5dd9-4fed-a495-1ddfb9a41de2 "
                                          xlink:title="U.S. Department of Commerce, U.S. Census Bureau, Geography Division (Originator) "/>
            </gmd:CI_Citation>
         </gmd:citation>
         <gmd:abstract>
            <gco:CharacterString xmlns:gco="http://www.isotc211.org/2005/gco">The TIGER/Line shapefiles and related database files (.dbf) are an extract of selected geographic and cartographic information from the U.S. Census Bureau's Master Address File / Topologically Integrated Geographic Encoding and Referencing (MAF/TIGER) Database (MTDB).  The MTDB represents a seamless national file with no overlaps or gaps between parts, however, each TIGER/Line shapefile is designed to stand alone as an independent data set, or they can be combined to cover the entire nation.


Metropolitan and Micropolitan Statistical Areas are together termed Core Based Statistical Areas (CBSAs) and are defined by the Office of Management and Budget (OMB) and consist of the county or counties or equivalent entities associated with at least one urban core (urbanized area or urban cluster) of at least 10,000 population, plus adjacent counties having a high degree of social and economic integration with the core as measured through commuting ties with the counties containing the core.  Categories of CBSAs are: Metropolitan Statistical Areas, based on urbanized areas of 50,000 or more population; and Micropolitan Statistical Areas, based on urban clusters of at least 10,000 population but less than 50,000 population.  


The CBSAs boundaries are those defined by OMB based on the 2010 Census and published in 2013.
</gco:CharacterString>
         </gmd:abstract>
         <gmd:purpose>
            <gco:CharacterString xmlns:gco="http://www.isotc211.org/2005/gco">In order for others to use the information in the Census MAF/TIGER database in a geographic information system (GIS) or for other geographic applications, the Census Bureau releases to the public extracts of the database in the form of TIGER/Line Shapefiles.</gco:CharacterString>
         </gmd:purpose>
         <!--fullOrg:U.S. Department of Commerce, U.S. Census Bureau, 
                         Geography Division, Geographic Products Branch--><!--postComma1: U.S. Census Bureau, 
                         Geography Division, Geographic Products Branch--><!--division: 
                         Geography Division, Geographic Products Branch--><!--branch: Geographic Products Branch--><!--hasRegional false--><gmd:pointOfContact xmlns:xlink="http://www.w3.org/1999/xlink"
                             xlink:href="https://www.ngdc.noaa.gov/docucomp/09b8253a-e2dc-4a6b-a905-11f1e0e87b3b"
                             xlink:title="pointOfContact - U.S. Department of Commerce, U.S. Census Bureau, Geography Division"/>

         <gmd:resourceMaintenance>
            <gmd:MD_MaintenanceInformation>
               <gmd:maintenanceAndUpdateFrequency>
                  <gmd:MD_MaintenanceFrequencyCode codeList="http://www.isotc211.org/2005/resources/Codelist/gmxCodelists.xml#MD_MaintenanceFrequencyCode"
                                                   codeListValue="notPlanned"
                                                   codeSpace="011">
                         notPlanned
                </gmd:MD_MaintenanceFrequencyCode>
               </gmd:maintenanceAndUpdateFrequency>
            </gmd:MD_MaintenanceInformation>
         </gmd:resourceMaintenance>
         <gmd:descriptiveKeywords>
            <gmd:MD_Keywords><!--before the keyword--><gmd:keyword>
                  <gco:CharacterString xmlns:gco="http://www.isotc211.org/2005/gco">Nation</gco:CharacterString>
               </gmd:keyword>
               <gmd:keyword>
                  <gco:CharacterString xmlns:gco="http://www.isotc211.org/2005/gco">Polygon</gco:CharacterString>
               </gmd:keyword>
               <gmd:keyword>
                  <gco:CharacterString xmlns:gco="http://www.isotc211.org/2005/gco">Core Based Statistical Area</gco:CharacterString>
               </gmd:keyword>
               <gmd:keyword>
                  <gco:CharacterString xmlns:gco="http://www.isotc211.org/2005/gco">CBSA</gco:CharacterString>
               </gmd:keyword>
               <gmd:type>
                  <gmd:MD_KeywordTypeCode codeList="http://www.isotc211.org/2005/resources/Codelist/gmxCodelists.xml#MD_KeywordTypeCode"
                                          codeListValue="theme"
                                          codeSpace="005"> theme </gmd:MD_KeywordTypeCode>
               </gmd:type>
               <gmd:thesaurusName>
                  <gmd:CI_Citation>
                     <gmd:title>
                        <gco:CharacterString xmlns:gco="http://www.isotc211.org/2005/gco">None</gco:CharacterString>
                     </gmd:title>
                     <gmd:date xmlns:gco="http://www.isotc211.org/2005/gco" gco:nilReason="unknown"/>
                  </gmd:CI_Citation>
               </gmd:thesaurusName>
            </gmd:MD_Keywords>
         </gmd:descriptiveKeywords>
         <gmd:descriptiveKeywords>
            <gmd:MD_Keywords>
               <gmd:keyword>
                  <gco:CharacterString xmlns:gco="http://www.isotc211.org/2005/gco">
United States
</gco:CharacterString>
               </gmd:keyword>
               <gmd:keyword>
                  <gco:CharacterString xmlns:gco="http://www.isotc211.org/2005/gco">
U.S.
</gco:CharacterString>
               </gmd:keyword>
               <gmd:type>
                  <gmd:MD_KeywordTypeCode codeList="http://www.isotc211.org/2005/resources/Codelist/gmxCodelists.xml#MD_KeywordTypeCode"
                                          codeListValue="place"
                                          codeSpace="002"> place </gmd:MD_KeywordTypeCode>
               </gmd:type>
               <gmd:thesaurusName>
                  <gmd:CI_Citation>
                     <gmd:title>
                        <gco:CharacterString xmlns:gco="http://www.isotc211.org/2005/gco">ANSI INCITS 38:2009 (Formerly FIPS 5-2), 
                              ANSI INCITS 31:2009 (Formerly FIPS 6-4),ANSI 
                              INCITS 454:2009 (Formerly FIPS 8-6), ANSI INCITS 
                              455:2009(Formerly FIPS 9-1), ANSI INCITS 446:2008                           (Geographic Names Information System (GNIS))
 
 
</gco:CharacterString>
                     </gmd:title>
                     <gmd:date xmlns:gco="http://www.isotc211.org/2005/gco" gco:nilReason="unknown"/>
                  </gmd:CI_Citation>
               </gmd:thesaurusName>
            </gmd:MD_Keywords>
         </gmd:descriptiveKeywords>
         <gmd:descriptiveKeywords>
            <gmd:MD_Keywords>
               <gmd:keyword>
                  <gco:CharacterString xmlns:gco="http://www.isotc211.org/2005/gco">Governmental Units, and Administrative and
                Statistical Boundaries</gco:CharacterString>
               </gmd:keyword>
               <gmd:keyword xmlns:gco="http://www.isotc211.org/2005/gco">
                  <gco:CharacterString> NGDA Portfolio Themes
            </gco:CharacterString>
               </gmd:keyword>
               <gmd:keyword xmlns:gco="http://www.isotc211.org/2005/gco">
                  <gco:CharacterString>ngda</gco:CharacterString>
               </gmd:keyword>
               <gmd:type>
                  <gmd:MD_KeywordTypeCode codeList="http://www.isotc211.org/2005/resources/Codelist/gmxCodelists.xml#MD_KeywordTypeCode"
                                          codeListValue="theme"
                                          codeSpace="005"> theme </gmd:MD_KeywordTypeCode>
               </gmd:type>
               <gmd:thesaurusName>
                  <gmd:CI_Citation>
                     <gmd:title>
                        <gco:CharacterString xmlns:gco="http://www.isotc211.org/2005/gco">NGDA Portfolio Themes</gco:CharacterString>
                     </gmd:title>
                     <gmd:date>
                        <gmd:CI_Date>
                           <gmd:date>
                              <gco:Date xmlns:gco="http://www.isotc211.org/2005/gco">2010-02-01</gco:Date>
                           </gmd:date>
                           <gmd:dateType>
                              <gmd:CI_DateTypeCode codeList="http://www.isotc211.org/2005/resources/Codelist/gmxCodelists.xml#CI_DateTypeCode"
                                                   codeListValue="revision"
                                                   codeSpace="003"> revision
                            </gmd:CI_DateTypeCode>
                           </gmd:dateType>
                        </gmd:CI_Date>
                     </gmd:date>
                     <gmd:otherCitationDetails>
                        <gco:CharacterString xmlns:gco="http://www.isotc211.org/2005/gco">http://www.fgdc.gov/initiatives/resources/2013-2-1-ngda-data-themes-fgdc-sc-revised.pdf</gco:CharacterString>
                     </gmd:otherCitationDetails>
                  </gmd:CI_Citation>
               </gmd:thesaurusName>
            </gmd:MD_Keywords>
         </gmd:descriptiveKeywords>
         <gmd:resourceConstraints>
            <gmd:MD_LegalConstraints>
               <gmd:accessConstraints>
                  <gmd:MD_RestrictionCode codeList="http://www.isotc211.org/2005/resources/Codelist/gmxCodelists.xml#MD_RestrictionCode"
                                          codeListValue="otherRestrictions"
                                          codeSpace="008 "> otherRestrictions </gmd:MD_RestrictionCode>
               </gmd:accessConstraints>
               <gmd:useConstraints>
                  <gmd:MD_RestrictionCode codeList="http://www.isotc211.org/2005/resources/Codelist/gmxCodelists.xml#MD_RestrictionCode"
                                          codeListValue="otherRestrictions"
                                          codeSpace="008 "/>
               </gmd:useConstraints>
               <gmd:otherConstraints>
                  <gco:CharacterString xmlns:gco="http://www.isotc211.org/2005/gco"> Access Constraints: None</gco:CharacterString>
               </gmd:otherConstraints>
               <gmd:otherConstraints>
                  <gco:CharacterString xmlns:gco="http://www.isotc211.org/2005/gco"> Use Constraints:The TIGER/Line Shapefile products are not copyrighted however TIGER/Line and Census TIGER are registered trademarks of the U.S. Census Bureau.  These products are free to use in a product or publication, however acknowledgement must be given to the U.S. Census Bureau as the source.
The boundary information in the TIGER/Line Shapefiles are for statistical data collection and tabulation purposes only; their depiction and designation for statistical purposes does not constitute a determination of jurisdictional authority or rights of ownership or entitlement and they are not legal land descriptions.Coordinates in the TIGER/Line shapefiles have six implied decimal places, but the positional accuracy of these coordinates is not as great as the six decimal places suggest.</gco:CharacterString>
               </gmd:otherConstraints>
            </gmd:MD_LegalConstraints>
         </gmd:resourceConstraints>
            <!-- This is from the Direct Spatial Reference from Chapter 3 -->
            <gmd:spatialRepresentationType>
            <gmd:MD_SpatialRepresentationTypeCode codeList="http://www.isotc211.org/2005/resources/Codelist/gmxCodelists.xml#MD_SpatialRepresentationTypeCode"
                                                  codeListValue="vector">vector</gmd:MD_SpatialRepresentationTypeCode>
         </gmd:spatialRepresentationType>
         <gmd:language>
            <gco:CharacterString xmlns:gco="http://www.isotc211.org/2005/gco">eng</gco:CharacterString>
         </gmd:language>
         <gmd:characterSet>
            <gmd:MD_CharacterSetCode codeList="http://www.isotc211.org/2005/resources/Codelist/gmxCodelists.xml#MD_CharacterSetCode"
                                     codeListValue="8859part1"
                                     codeSpace="006">8859part1</gmd:MD_CharacterSetCode>
         </gmd:characterSet>
         <gmd:topicCategory>
            <gmd:MD_TopicCategoryCode>boundaries</gmd:MD_TopicCategoryCode>
         </gmd:topicCategory>
         <gmd:environmentDescription>
            <gco:CharacterString xmlns:gco="http://www.isotc211.org/2005/gco">The TIGER/Line shapefiles contain geographic data only and do not include display mapping software or statistical data.  For information on how to use the TIGER/Line shapefile data with specific software package users shall contact the company that produced the software.</gco:CharacterString>
         </gmd:environmentDescription>
         <gmd:extent>
            <gmd:EX_Extent id="boundingExtent">
               <gmd:geographicElement>
                  <gmd:EX_GeographicBoundingBox id="boundingGeographicBoundingBox">
                     <gmd:westBoundLongitude>
                        <gco:Decimal xmlns:gco="http://www.isotc211.org/2005/gco">-179.231086</gco:Decimal>
                     </gmd:westBoundLongitude>
                     <gmd:eastBoundLongitude>
                        <gco:Decimal xmlns:gco="http://www.isotc211.org/2005/gco">179.859681</gco:Decimal>
                     </gmd:eastBoundLongitude>
                     <gmd:southBoundLatitude>
                        <gco:Decimal xmlns:gco="http://www.isotc211.org/2005/gco">-14.601813</gco:Decimal>
                     </gmd:southBoundLatitude>
                     <gmd:northBoundLatitude>
                        <gco:Decimal xmlns:gco="http://www.isotc211.org/2005/gco">71.441059</gco:Decimal>
                     </gmd:northBoundLatitude>
                  </gmd:EX_GeographicBoundingBox>
               </gmd:geographicElement>
               <gmd:temporalElement>
                  <gmd:EX_TemporalExtent id="boundingTemporalExtent">
                     <gmd:extent>
                        <gml:TimePeriod xmlns:gml="http://www.opengis.net/gml/3.2" gml:id="boundingTemporalExtentA">
                           <gml:description>Publication Date</gml:description>
                           <gml:beginPosition>2013-06</gml:beginPosition>
                           <gml:endPosition>2014-05</gml:endPosition>
                        </gml:TimePeriod>
                     </gmd:extent>
                  </gmd:EX_TemporalExtent>
               </gmd:temporalElement>
            </gmd:EX_Extent>
         </gmd:extent>
      </gmd:MD_DataIdentification>
   </gmd:identificationInfo>
   <!--This section provides the link for the file containing the Entity and
                        Attribute Information. -->
<gmd:contentInfo xmlns:gmd="http://www.isotc211.org/2005/gmd">
      <gmd:MD_FeatureCatalogueDescription>
         <gmd:includedWithDataset>
            <gco:Boolean xmlns:gco="http://www.isotc211.org/2005/gco">true</gco:Boolean>
         </gmd:includedWithDataset>
         <gmd:featureTypes>
            <gco:LocalName xmlns:gco="http://www.isotc211.org/2005/gco" codeSpace="unknown"> Current Metropolitan Statistical Area/Micropolitan Statistical Area (CBSA) </gco:LocalName>
         </gmd:featureTypes>
         <gmd:featureCatalogueCitation>
            <gmd:CI_Citation>
               <gmd:title>
                  <gco:CharacterString xmlns:gco="http://www.isotc211.org/2005/gco">Feature Catalog for the 2014 TIGER/Line Shapefile Current Metropolitan Statistical Area/Micropolitan Statistical Area (CBSA) National</gco:CharacterString>
               </gmd:title>
               <gmd:date>
                  <gmd:CI_Date>

                     <gmd:date>
                        <gco:Date xmlns:gco="http://www.isotc211.org/2005/gco">2014</gco:Date>
                     </gmd:date>
                     <gmd:dateType>
                        <gmd:CI_DateTypeCode codeList="http://www.isotc211.org/2005/resources/Codelist/gmxCodelists.xml#CI_DateTypeCode"
                                             codeListValue="publication"
                                             codeSpace="002"/>
                     </gmd:dateType>
                  </gmd:CI_Date>
               </gmd:date>
               <gmd:citedResponsibleParty xmlns:xlink="http://www.w3.org/1999/xlink"
                                          xlink:href="https://www.ngdc.noaa.gov/docucomp/1df27e57-4768-42de-909b-52f530601fba"
                                          xlink:title="U.S Department of Commerce, U.S Census Bureau, Geography Division (distributor)"/>
               <gmd:otherCitationDetails>
                  <gco:CharacterString xmlns:gco="http://www.isotc211.org/2005/gco">http://meta.geo.census.gov/data/existing/decennial/GEO/GPMB/TIGERline/TIGER2014/cbsa/2014_cbsa.ea.iso.xml</gco:CharacterString>
               </gmd:otherCitationDetails>
            </gmd:CI_Citation>
         </gmd:featureCatalogueCitation>
      </gmd:MD_FeatureCatalogueDescription>
   </gmd:contentInfo>
   <gmd:distributionInfo xmlns:gmd="http://www.isotc211.org/2005/gmd">
      <gmd:MD_Distribution>
         <gmd:distributionFormat>
            <gmd:MD_Format>
               <gmd:name>
                  <gco:CharacterString xmlns:gco="http://www.isotc211.org/2005/gco">TGRSHP (compressed)</gco:CharacterString>
               </gmd:name>
               <gmd:version xmlns:gco="http://www.isotc211.org/2005/gco" gco:nilReason="unknown"/>
               <gmd:fileDecompressionTechnique>
                  <gco:CharacterString xmlns:gco="http://www.isotc211.org/2005/gco">The TIGER/Line shapefiles contain geographic data only and do not include display mapping software or statistical data.  For information on how to use the TIGER/Line shapefile data with specific software package users shall contact the company that produced the software.</gco:CharacterString>
               </gmd:fileDecompressionTechnique>
            </gmd:MD_Format>
         </gmd:distributionFormat>
         <gmd:distributor>
            <gmd:MD_Distributor>
               <gmd:distributorContact xmlns:xlink="http://www.w3.org/1999/xlink"
                                       xlink:href="https://www.ngdc.noaa.gov/docucomp/f48e4893-a57f-4f2b-ad5d-0cca1b34ec62"
                                       xlink:title="U.S Department of Commerce, U.S Census Bureau, Geography Division, Geographic Products Branch (distributor)"/>
               <gmd:distributionOrderProcess>
                  <gmd:MD_StandardOrderProcess>
                     <gmd:fees>
                        <gco:CharacterString xmlns:gco="http://www.isotc211.org/2005/gco">The online copy of the TIGER/Line Shapefiles may be accessed without charge.</gco:CharacterString>
                     </gmd:fees>
                     <gmd:orderingInstructions>
                        <gco:CharacterString xmlns:gco="http://www.isotc211.org/2005/gco">To obtain more information about ordering TIGER/Line Shapefiles visit http://www.census.gov/geo/www/tiger </gco:CharacterString>
                     </gmd:orderingInstructions>
                  </gmd:MD_StandardOrderProcess>
               </gmd:distributionOrderProcess>
            </gmd:MD_Distributor>
         </gmd:distributor>
         <gmd:transferOptions>
            <gmd:MD_DigitalTransferOptions>
               <gmd:onLine>
                  <gmd:CI_OnlineResource>
                     <gmd:linkage>
                        <gmd:URL>http://www2.census.gov/geo/tiger/TIGER2014/CBSA/tl_2014_us_cbsa.zip</gmd:URL>
                     </gmd:linkage>
                  </gmd:CI_OnlineResource>
               </gmd:onLine>
            </gmd:MD_DigitalTransferOptions>
         </gmd:transferOptions>
      </gmd:MD_Distribution>
   </gmd:distributionInfo>
   <gmd:dataQualityInfo xmlns:gmd="http://www.isotc211.org/2005/gmd">
      <gmd:DQ_DataQuality>
         <gmd:scope>
            <gmd:DQ_Scope>
               <gmd:level>
                  <gmd:MD_ScopeCode codeList="http://www.isotc211.org/2005/resources/Codelist/gmxCodelists.xml#MD_ScopeCode"
                                    codeListValue="dataset"
                                    codeSpace="005"> dataset </gmd:MD_ScopeCode>
               </gmd:level>
            </gmd:DQ_Scope>
         </gmd:scope>
         <gmd:report>
            <gmd:DQ_CompletenessCommission>
               <gmd:result xmlns:gco="http://www.isotc211.org/2005/gco" gco:nilReason="unknown"/>
            </gmd:DQ_CompletenessCommission>
         </gmd:report>
         <gmd:report>
            <gmd:DQ_CompletenessOmission>
               <gmd:evaluationMethodDescription>
                  <gco:CharacterString xmlns:gco="http://www.isotc211.org/2005/gco">Data completeness of the TIGER/Line Shapefiles reflects the contents of the Census MAF/TIGER database at the time the TIGER/Line Shapefiles were created.</gco:CharacterString>
               </gmd:evaluationMethodDescription>
               <gmd:result xmlns:gco="http://www.isotc211.org/2005/gco" gco:nilReason="unknown"/>
            </gmd:DQ_CompletenessOmission>
         </gmd:report>
         <gmd:report>
            <gmd:DQ_ConceptualConsistency>
               <gmd:measureDescription>
                  <gco:CharacterString xmlns:gco="http://www.isotc211.org/2005/gco">The Census Bureau performed automated tests to ensure logical consistency and limits of shapefiles.  Segments making up the outer and inner boundaries of a polygon tie end-to-end to completely enclose the area.  All polygons are tested for closure.
The Census Bureau uses its internally developed geographic update system to enhance and modify spatial and attribute data in the Census MAF/TIGER database.  Standard geographic codes, such as FIPS codes for states, counties, municipalities, county subdivisions, places, American Indian/Alaska Native/Native Hawaiian areas, and congressional districts are used when encoding spatial entities.  The Census Bureau performed spatial data tests for logical consistency of the codes during the compilation of the original Census MAF/TIGER database files.  Most of the codes for geographic entities except states, counties, urban areas, Core Based Statistical Areas (CBSAs), American Indian Areas (AIAs), and congressional districts were provided to the Census Bureau by the USGS, the agency responsible for maintaining the Geographic Names Information System (GNIS).  Feature attribute information has been examined but has not been fully tested for consistency.
For the TIGER/Line Shapefiles, the Point and Vector Object Count for the G-polygon SDTS Point and Vector Object Type reflects the number of records in the shapefile attribute table.  For multi-polygon features, only one attribute record exists for each multi-polygon rather than one attribute record per individual G-polygon component of the multi-polygon feature.  TIGER/Line Shapefile multi-polygons are an exception to the G-polygon object type classification.  Therefore, when multi-polygons exist in a shapefile, the object count will be less than the actual number of G-polygons.</gco:CharacterString>
               </gmd:measureDescription>
               <gmd:result xmlns:gco="http://www.isotc211.org/2005/gco" gco:nilReason="unknown"/>
            </gmd:DQ_ConceptualConsistency>
         </gmd:report>
         <gmd:lineage>
            <gmd:LI_Lineage>
               <gmd:processStep>
                  <gmd:LI_ProcessStep>
                     <gmd:description>
                        <gco:CharacterString xmlns:gco="http://www.isotc211.org/2005/gco">TIGER/Line Shapefiles are extracted from the Census MAF/TIGER database by nation, state, county, and entity.  Census MAF/TIGER data for all of the aforementioned geographic entities are then distributed among the shapefiles each containing attributes for line, polygon, or landmark geographic data. </gco:CharacterString>
                     </gmd:description>
                     <gmd:dateTime>
                        <gco:DateTime xmlns:gco="http://www.isotc211.org/2005/gco">2014-01-01T00:00:00</gco:DateTime>
                     </gmd:dateTime>
                     <gmd:source>
                        <gmd:LI_Source>
                           <gmd:description>
                              <gco:CharacterString xmlns:gco="http://www.isotc211.org/2005/gco">online</gco:CharacterString>
                           </gmd:description>
                           <gmd:sourceCitation>
                              <gmd:CI_Citation>
                                 <gmd:title>
                                    <gco:CharacterString xmlns:gco="http://www.isotc211.org/2005/gco">MAF/TIGER</gco:CharacterString>
                                 </gmd:title>
                                 <gmd:date>
                                    <gmd:CI_Date>
                                       <gmd:date>
                                          <gco:Date xmlns:gco="http://www.isotc211.org/2005/gco">2014</gco:Date>
                                       </gmd:date>
                                       <gmd:dateType>
                                          <gmd:CI_DateTypeCode codeList="http://www.isotc211.org/2005/resources/Codelist/gmxCodelists.xml#CI_DateTypeCode"
                                                               codeListValue="revision"
                                                               codeSpace="003">
                                                revision </gmd:CI_DateTypeCode>
                                       </gmd:dateType>
                                    </gmd:CI_Date>
                                 </gmd:date>
                              </gmd:CI_Citation>
                           </gmd:sourceCitation>
                        </gmd:LI_Source>
                     </gmd:source>
                  </gmd:LI_ProcessStep>
               </gmd:processStep>
            </gmd:LI_Lineage>
         </gmd:lineage>
      </gmd:DQ_DataQuality>
   </gmd:dataQualityInfo>
   <gmd:metadataMaintenance xmlns:gmd="http://www.isotc211.org/2005/gmd">
      <gmd:MD_MaintenanceInformation>
         <gmd:maintenanceAndUpdateFrequency>
            <gmd:MD_MaintenanceFrequencyCode codeList="http://www.isotc211.org/2005/resources/Codelist/gmxCodelists.xml#MD_MaintenanceFrequencyCode"
                                             codeListValue="notPlanned"
                                             codeSpace="011">
                         notPlanned
                </gmd:MD_MaintenanceFrequencyCode>
         </gmd:maintenanceAndUpdateFrequency>
         <gmd:maintenanceNote>
            <gco:CharacterString xmlns:gco="http://www.isotc211.org/2005/gco">This was transformed from the Census Metadata Import
      Format</gco:CharacterString>
         </gmd:maintenanceNote>
         <gmd:contact xmlns:xlink="http://www.w3.org/1999/xlink"
                      xlink:href="https://www.ngdc.noaa.gov/docucomp/B04DFA5D-40CD-B677-E040-0AC8C5BB4473"
                      xlink:title=" U.S. Department of Commerce, U.S. Census Bureau, Geography Division, Geographic Products Branch (custodian)"/>
      </gmd:MD_MaintenanceInformation>
   </gmd:metadataMaintenance>
</gmi:MI_Metadata>